1,60645,ROGERS PARK
1,60626,ROGERS PARK
1,60660,ROGERS PARK
10,60656,NORWOOD PARK
10,60630,NORWOOD PARK
10,60631,NORWOOD PARK
10,60646,NORWOOD PARK
11,60656,JEFFERSON PARK
11,60630,JEFFERSON PARK
11,60646,JEFFERSON PARK
11,60631,JEFFERSON PARK
12,60646,FOREST GLEN
12,60659,FOREST GLEN
12,60630,FOREST GLEN
13,60625,NORTH PARK
13,60659,NORTH PARK
13,60630,NORTH PARK
13,60646,NORTH PARK
14,60630,ALBANY PARK
14,60618,ALBANY PARK
14,60641,ALBANY PARK
14,60625,ALBANY PARK
15,60634,PORTAGE PARK
15,60630,PORTAGE PARK
15,60641,PORTAGE PARK
16,60618,IRVING PARK
16,60630,IRVING PARK
16,60641,IRVING PARK
16,60625,IRVING PARK
17,60634,DUNNING
18,60634,MONTCLARE
18,60707,MONTCLARE
19,60707,BELMONT CRAGIN
19,60641,BELMONT CRAGIN
19,60634,BELMONT CRAGIN
19,60639,BELMONT CRAGIN
2,60645,WEST RIDGE
2,60660,WEST RIDGE
2,60659,WEST RIDGE
2,60626,WEST RIDGE
20,60641,HERMOSA
20,60639,HERMOSA
20,60647,HERMOSA
21,60618,AVONDALE
21,60639,AVONDALE
21,60647,AVONDALE
21,60641,AVONDALE
22,60639,LOGAN SQUARE
22,60647,LOGAN SQUARE
22,60641,LOGAN SQUARE
22,60618,LOGAN SQUARE
22,60614,LOGAN SQUARE
22,60622,LOGAN SQUARE
23,60639,HUMBOLDT PARK
23,60647,HUMBOLDT PARK
23,60622,HUMBOLDT PARK
23,60624,HUMBOLDT PARK
23,60612,HUMBOLDT PARK
23,60651,HUMBOLDT PARK
24,60622,WEST TOWN
24,60647,WEST TOWN
24,60651,WEST TOWN
24,60612,WEST TOWN
24,60614,WEST TOWN
24,6761,WEST TOWN
24,60610,WEST TOWN
25,60624,AUSTIN
25,60651,AUSTIN
25,60707,AUSTIN
25,60639,AUSTIN
25,60644,AUSTIN
26,60644,WEST GARFIELD PARK
26,60624,WEST GARFIELD PARK
27,60624,EAST GARFIELD PARK
27,60612,EAST GARFIELD PARK
28,60608,NEAR WEST SIDE
28,60622,NEAR WEST SIDE
28,60612,NEAR WEST SIDE
28,60616,NEAR WEST SIDE
28,6761,NEAR WEST SIDE
29,60608,NORTH LAWNDALE
29,60612,NORTH LAWNDALE
29,60624,NORTH LAWNDALE
29,60623,NORTH LAWNDALE
3,60640,UPTOWN
3,60613,UPTOWN
30,60638,SOUTH LAWNDALE
30,60623,SOUTH LAWNDALE
30,60632,SOUTH LAWNDALE
30,60608,SOUTH LAWNDALE
31,60608,LOWER WEST SIDE
31,6761,LOWER WEST SIDE
31,60616,LOWER WEST SIDE
32,6761,LOOP
32,12311,LOOP
32,60610,LOOP
33,12311,NEAR SOUTH SIDE
33,6761,NEAR SOUTH SIDE
33,60616,NEAR SOUTH SIDE
34,60609,ARMOUR SQUARE
34,60616,ARMOUR SQUARE
35,60609,DOUGLAS
35,60653,DOUGLAS
35,60616,DOUGLAS
36,60653,OAKLAND
36,60616,OAKLAND
37,60609,FULLER PARK
38,60615,GRAND BOULEVARD
38,60609,GRAND BOULEVARD
38,60653,GRAND BOULEVARD
39,60615,KENWOOD
39,60653,KENWOOD
4,60659,LINCOLN SQUARE
4,60613,LINCOLN SQUARE
4,60660,LINCOLN SQUARE
4,60625,LINCOLN SQUARE
4,60640,LINCOLN SQUARE
4,60618,LINCOLN SQUARE
40,60621,WASHINGTON PARK
40,60615,WASHINGTON PARK
40,60609,WASHINGTON PARK
40,60637,WASHINGTON PARK
41,60637,HYDE PARK
41,60615,HYDE PARK
42,60649,WOODLAWN
42,60637,WOODLAWN
43,60637,SOUTH SHORE
43,60649,SOUTH SHORE
43,60617,SOUTH SHORE
43,60619,SOUTH SHORE
44,60619,CHATHAM
44,60620,CHATHAM
45,60617,AVALON PARK
45,60619,AVALON PARK
45,60649,AVALON PARK
46,60649,SOUTH CHICAGO
46,60617,SOUTH CHICAGO
47,60619,BURNSIDE
48,60619,CALUMET HEIGHTS
48,60617,CALUMET HEIGHTS
49,60619,ROSELAND
49,60643,ROSELAND
49,60628,ROSELAND
49,60620,ROSELAND
5,60613,NORTH CENTER
5,60647,NORTH CENTER
5,60640,NORTH CENTER
5,60625,NORTH CENTER
5,60657,NORTH CENTER
5,60618,NORTH CENTER
5,60614,NORTH CENTER
50,60619,PULLMAN
50,60617,PULLMAN
50,60628,PULLMAN
51,60617,SOUTH DEERING
51,60633,SOUTH DEERING
51,60619,SOUTH DEERING
51,60628,SOUTH DEERING
52,60617,EAST SIDE
53,60628,WEST PULLMAN
53,60643,WEST PULLMAN
54,60633,RIVERDALE
54,60628,RIVERDALE
54,60827,RIVERDALE
55,60827,HEGEWISCH
55,60617,HEGEWISCH
55,60633,HEGEWISCH
55,60628,HEGEWISCH
56,60638,GARFIELD RIDGE
56,60629,GARFIELD RIDGE
56,60632,GARFIELD RIDGE
57,60632,ARCHER HEIGHTS
58,60609,BRIGHTON PARK
58,60608,BRIGHTON PARK
58,60632,BRIGHTON PARK
58,60623,BRIGHTON PARK
59,60608,MCKINLEY PARK
59,60609,MCKINLEY PARK
59,60632,MCKINLEY PARK
6,60614,LAKE VIEW
6,60613,LAKE VIEW
6,60640,LAKE VIEW
6,60657,LAKE VIEW
60,60616,BRIDGEPORT
60,60609,BRIDGEPORT
60,60608,BRIDGEPORT
61,60632,NEW CITY
61,60609,NEW CITY
62,60629,WEST ELSDON
62,60632,WEST ELSDON
63,60632,GAGE PARK
63,60636,GAGE PARK
63,60609,GAGE PARK
63,60629,GAGE PARK
64,60638,CLEARING
64,60629,CLEARING
65,60652,WEST LAWN
65,60629,WEST LAWN
66,60629,CHICAGO LAWN
66,60652,CHICAGO LAWN
66,60636,CHICAGO LAWN
67,60609,WEST ENGLEWOOD
67,60620,WEST ENGLEWOOD
67,60636,WEST ENGLEWOOD
67,60621,WEST ENGLEWOOD
68,60609,ENGLEWOOD
68,60621,ENGLEWOOD
68,60636,ENGLEWOOD
68,60620,ENGLEWOOD
69,60619,GREATER GRAND CROSSING
69,60621,GREATER GRAND CROSSING
69,60620,GREATER GRAND CROSSING
69,60637,GREATER GRAND CROSSING
7,60610,LINCOLN PARK
7,60647,LINCOLN PARK
7,60657,LINCOLN PARK
7,60618,LINCOLN PARK
7,60614,LINCOLN PARK
7,60622,LINCOLN PARK
70,60636,ASHBURN
70,60652,ASHBURN
70,60620,ASHBURN
70,60629,ASHBURN
71,60621,AUBURN GRESHAM
71,60620,AUBURN GRESHAM
71,60636,AUBURN GRESHAM
72,60655,BEVERLY
72,60620,BEVERLY
72,60643,BEVERLY
73,60643,WASHINGTON HEIGHTS
73,60620,WASHINGTON HEIGHTS
73,60628,WASHINGTON HEIGHTS
74,60655,MOUNT GREENWOOD
75,60643,MORGAN PARK
75,60655,MORGAN PARK
76,60631,OHARE
76,60634,OHARE
76,60656,OHARE
76,60666,OHARE
77,60626,EDGEWATER
77,60640,EDGEWATER
77,60660,EDGEWATER
8,60610,NEAR NORTH SIDE
8,12311,NEAR NORTH SIDE
8,60614,NEAR NORTH SIDE
8,60622,NEAR NORTH SIDE
8,6761,NEAR NORTH SIDE
9,60631,EDISON PARK
