1,ROGERS PARK,60660
1,ROGERS PARK,60645
1,ROGERS PARK,60626
10,NORWOOD PARK,60630
10,NORWOOD PARK,60631
10,NORWOOD PARK,60646
10,NORWOOD PARK,60656
11,JEFFERSON PARK,60630
11,JEFFERSON PARK,60646
11,JEFFERSON PARK,60656
12,FOREST GLEN,60630
12,FOREST GLEN,60659
12,FOREST GLEN,60646
13,NORTH PARK,60659
13,NORTH PARK,60646
13,NORTH PARK,60630
13,NORTH PARK,60625
14,ALBANY PARK,60618
14,ALBANY PARK,60625
14,ALBANY PARK,60630
14,ALBANY PARK,60641
15,PORTAGE PARK,60630
15,PORTAGE PARK,60634
15,PORTAGE PARK,60641
16,IRVING PARK,60618
16,IRVING PARK,60630
16,IRVING PARK,60641
16,IRVING PARK,60625
17,DUNNING,60707
17,DUNNING,60634
18,MONTCLARE,60634
18,MONTCLARE,60707
18,MONTCLARE,60707
19,BELMONT CRAGIN,60707
19,BELMONT CRAGIN,60639
19,BELMONT CRAGIN,60634
19,BELMONT CRAGIN,60641
2,WEST RIDGE,60645
2,WEST RIDGE,60660
2,WEST RIDGE,60659
2,WEST RIDGE,60625
2,WEST RIDGE,60626
20,HERMOSA,60641
20,HERMOSA,60639
20,HERMOSA,60647
21,AVONDALE,60639
21,AVONDALE,60641
21,AVONDALE,60618
21,AVONDALE,60647
22,LOGAN SQUARE,60614
22,LOGAN SQUARE,60639
22,LOGAN SQUARE,60622
22,LOGAN SQUARE,60642
22,LOGAN SQUARE,60641
22,LOGAN SQUARE,60618
22,LOGAN SQUARE,60647
23,HUMBOLDT PARK,60647
23,HUMBOLDT PARK,60612
23,HUMBOLDT PARK,60651
23,HUMBOLDT PARK,60639
23,HUMBOLDT PARK,60622
23,HUMBOLDT PARK,60624
24,WEST TOWN,60661
24,WEST TOWN,60610
24,WEST TOWN,60651
24,WEST TOWN,60622
24,WEST TOWN,60642
24,WEST TOWN,60647
24,WEST TOWN,60654
24,WEST TOWN,60612
24,WEST TOWN,60614
24,WEST TOWN,60607
24,WEST TOWN,60606
25,AUSTIN,60644
25,AUSTIN,60651
25,AUSTIN,60623
25,AUSTIN,60639
25,AUSTIN,60707
25,AUSTIN,60624
26,WEST GARFIELD PARK,60644
26,WEST GARFIELD PARK,60624
27,EAST GARFIELD PARK,60612
27,EAST GARFIELD PARK,60624
28,NEAR WEST SIDE,60661
28,NEAR WEST SIDE,60607
28,NEAR WEST SIDE,60608
28,NEAR WEST SIDE,60612
28,NEAR WEST SIDE,60654
28,NEAR WEST SIDE,60642
28,NEAR WEST SIDE,60622
28,NEAR WEST SIDE,60616
28,NEAR WEST SIDE,60606
29,NORTH LAWNDALE,60623
29,NORTH LAWNDALE,60612
29,NORTH LAWNDALE,60624
29,NORTH LAWNDALE,60608
3,UPTOWN,60613
3,UPTOWN,60640
30,SOUTH LAWNDALE,60608
30,SOUTH LAWNDALE,60632
30,SOUTH LAWNDALE,60623
30,SOUTH LAWNDALE,60638
31,LOWER WEST SIDE,60616
31,LOWER WEST SIDE,60607
31,LOWER WEST SIDE,60608
32,LOOP,60604
32,LOOP,60601
32,LOOP,60602
32,LOOP,60654
32,LOOP,60611
32,LOOP,60603
32,LOOP,60605
32,LOOP,60607
32,LOOP,60606
33,NEAR SOUTH SIDE,60616
33,NEAR SOUTH SIDE,60607
33,NEAR SOUTH SIDE,60605
34,ARMOUR SQUARE,60616
34,ARMOUR SQUARE,60609
35,DOUGLAS,60616
35,DOUGLAS,60609
35,DOUGLAS,60653
36,OAKLAND,60616
36,OAKLAND,60653
37,FULLER PARK,60609
38,GRAND BOULEVARD,60653
38,GRAND BOULEVARD,60609
38,GRAND BOULEVARD,60615
39,KENWOOD,60653
39,KENWOOD,60615
4,LINCOLN SQUARE,60613
4,LINCOLN SQUARE,60660
4,LINCOLN SQUARE,60618
4,LINCOLN SQUARE,60659
4,LINCOLN SQUARE,60640
4,LINCOLN SQUARE,60625
40,WASHINGTON PARK,60609
40,WASHINGTON PARK,60621
40,WASHINGTON PARK,60615
40,WASHINGTON PARK,60637
41,HYDE PARK,60615
41,HYDE PARK,60637
42,WOODLAWN,60649
42,WOODLAWN,60637
43,SOUTH SHORE,60649
43,SOUTH SHORE,60619
43,SOUTH SHORE,60637
43,SOUTH SHORE,60617
44,CHATHAM,60619
44,CHATHAM,60620
45,AVALON PARK,60617
45,AVALON PARK,60649
45,AVALON PARK,60619
46,SOUTH CHICAGO,60617
46,SOUTH CHICAGO,60649
47,BURNSIDE,60628
47,BURNSIDE,60619
48,CALUMET HEIGHTS,60617
48,CALUMET HEIGHTS,60619
49,ROSELAND,60643
49,ROSELAND,60628
49,ROSELAND,60620
49,ROSELAND,60619
5,NORTH CENTER,60613
5,NORTH CENTER,60618
5,NORTH CENTER,60614
5,NORTH CENTER,60657
5,NORTH CENTER,60625
5,NORTH CENTER,60640
5,NORTH CENTER,60647
50,PULLMAN,60619
50,PULLMAN,60617
50,PULLMAN,60628
51,SOUTH DEERING,60628
51,SOUTH DEERING,60617
51,SOUTH DEERING,60633
51,SOUTH DEERING,60619
52,EAST SIDE,60617
53,WEST PULLMAN,60643
53,WEST PULLMAN,60643
53,WEST PULLMAN,60628
54,RIVERDALE,60633
54,RIVERDALE,60827
54,RIVERDALE,60628
55,HEGEWISCH,60617
55,HEGEWISCH,60628
55,HEGEWISCH,60633
55,HEGEWISCH,60827
56,GARFIELD RIDGE,60629
56,GARFIELD RIDGE,60638
56,GARFIELD RIDGE,60632
57,ARCHER HEIGHTS,60632
58,BRIGHTON PARK,60608
58,BRIGHTON PARK,60609
58,BRIGHTON PARK,60623
58,BRIGHTON PARK,60632
59,MCKINLEY PARK,60609
59,MCKINLEY PARK,60608
59,MCKINLEY PARK,60632
6,LAKE VIEW,60657
6,LAKE VIEW,60613
6,LAKE VIEW,60640
6,LAKE VIEW,60614
60,BRIDGEPORT,60608
60,BRIDGEPORT,60616
60,BRIDGEPORT,60609
61,NEW CITY,60632
61,NEW CITY,60609
62,WEST ELSDON,60629
62,WEST ELSDON,60632
63,GAGE PARK,60609
63,GAGE PARK,60629
63,GAGE PARK,60636
63,GAGE PARK,60632
64,CLEARING,60638
64,CLEARING,60629
65,WEST LAWN,60629
65,WEST LAWN,60652
66,CHICAGO LAWN,60636
66,CHICAGO LAWN,60652
66,CHICAGO LAWN,60629
67,WEST ENGLEWOOD,60621
67,WEST ENGLEWOOD,60636
67,WEST ENGLEWOOD,60609
67,WEST ENGLEWOOD,60620
68,ENGLEWOOD,60620
68,ENGLEWOOD,60621
68,ENGLEWOOD,60609
68,ENGLEWOOD,60636
69,GREATER GRAND CROSSING,60621
69,GREATER GRAND CROSSING,60619
69,GREATER GRAND CROSSING,60637
69,GREATER GRAND CROSSING,60620
7,LINCOLN PARK,60642
7,LINCOLN PARK,60657
7,LINCOLN PARK,60614
7,LINCOLN PARK,60647
7,LINCOLN PARK,60610
7,LINCOLN PARK,60618
70,ASHBURN,60629
70,ASHBURN,60652
70,ASHBURN,60636
70,ASHBURN,60620
71,AUBURN GRESHAM,60621
71,AUBURN GRESHAM,60636
71,AUBURN GRESHAM,60620
72,BEVERLY,60643
72,BEVERLY,60655
72,BEVERLY,60620
73,WASHINGTON HEIGHTS,60628
73,WASHINGTON HEIGHTS,60620
73,WASHINGTON HEIGHTS,60643
74,MOUNT GREENWOOD,60655
75,MORGAN PARK,60628
75,MORGAN PARK,60643
75,MORGAN PARK,60655
76,OHARE,60634
76,OHARE,60631
76,OHARE,60656
76,OHARE,60666
77,EDGEWATER,60626
77,EDGEWATER,60640
77,EDGEWATER,60660
8,NEAR NORTH SIDE,60614
8,NEAR NORTH SIDE,60610
8,NEAR NORTH SIDE,60611
8,NEAR NORTH SIDE,60606
8,NEAR NORTH SIDE,60642
8,NEAR NORTH SIDE,60654
8,NEAR NORTH SIDE,60601
9,EDISON PARK,60631
